date,action
2023-08-28 01:59:29,commit
2023-08-28 01:05:46,commit
2023-08-27 23:56:02,commit
2023-08-27 23:31:16,commit
2023-08-27 23:13:44,commit
2023-08-27 22:55:55,commit
2023-08-27 22:31:15,commit
2023-08-27 22:12:29,commit
2023-08-27 21:55:58,commit
2023-08-27 21:31:19,commit
2023-08-27 21:11:42,commit
2023-08-27 20:55:57,commit
2023-08-27 20:31:17,commit
2023-08-27 20:13:59,commit
2023-08-27 19:55:54,commit
2023-08-27 19:31:17,commit
2023-08-27 19:11:14,commit
2023-08-27 18:56:12,commit
2023-08-27 18:31:32,commit
2023-08-27 18:16:55,commit
2023-08-27 17:55:57,commit
2023-08-27 17:31:16,commit
2023-08-27 17:12:10,commit
2023-08-27 16:56:21,commit
2023-08-27 16:32:10,commit
2023-08-27 16:17:08,commit
2023-08-27 15:55:55,commit
2023-08-27 15:31:25,commit
2023-08-27 15:12:54,commit
2023-08-27 14:55:54,commit
2023-08-27 14:55:04,commit
2023-08-27 14:31:02,commit
2023-08-27 14:12:11,commit
2023-08-27 13:56:10,commit
2023-08-27 13:31:15,commit
2023-08-27 13:18:34,commit
2023-08-27 12:58:10,commit
2023-08-27 12:25:58,commit
2023-08-27 11:55:59,commit
2023-08-27 11:31:30,commit
2023-08-27 11:10:45,commit
2023-08-27 10:55:55,commit
2023-08-27 10:31:38,commit
2023-08-27 10:14:06,commit
2023-08-27 09:56:02,commit
2023-08-27 09:31:16,commit
2023-08-27 09:12:34,commit
2023-08-27 08:55:54,commit
2023-08-27 08:31:11,commit
2023-08-27 08:17:03,commit
2023-08-27 07:56:13,commit
2023-08-27 07:31:07,commit
2023-08-27 07:12:55,commit
2023-08-27 06:56:18,commit
2023-08-27 06:31:23,commit
2023-08-27 06:18:03,commit
2023-08-27 05:56:15,commit
2023-08-27 05:31:10,commit
2023-08-27 05:12:50,commit
2023-08-27 04:55:56,commit
2023-08-27 04:31:19,commit
2023-08-27 04:17:34,commit
2023-08-27 03:56:21,commit
2023-08-27 03:31:20,commit
2023-08-27 03:15:01,commit
2023-08-27 02:56:08,commit
2023-08-27 02:34:20,commit
2023-08-27 02:23:19,commit
2023-08-27 02:00:10,commit
2023-08-27 01:08:01,commit
2023-08-27 00:30:59,commit
2023-08-26 23:56:00,commit
2023-08-26 23:31:29,commit
2023-08-26 23:13:27,commit
2023-08-26 22:56:00,commit
2023-08-26 22:31:14,commit
2023-08-26 22:12:21,commit
2023-08-26 21:55:56,commit
2023-08-26 21:31:27,commit
2023-08-26 21:11:17,commit
2023-08-26 20:55:54,commit
2023-08-26 20:31:27,commit
2023-08-26 20:14:05,commit
2023-08-26 19:56:11,commit
2023-08-26 19:31:23,commit
2023-08-26 19:11:31,commit
2023-08-26 18:55:59,commit
2023-08-26 18:31:12,commit
2023-08-26 18:16:23,commit
2023-08-26 17:55:52,commit
2023-08-26 17:31:14,commit
2023-08-26 17:11:25,commit
2023-08-26 16:55:58,commit
2023-08-26 16:32:43,commit
2023-08-26 16:17:04,commit
2023-08-26 15:55:57,commit
2023-08-26 15:31:10,commit
2023-08-26 15:13:12,commit
2023-08-26 14:55:53,commit
2023-08-26 14:30:54,commit
2023-08-26 14:12:15,commit
2023-08-26 13:56:19,commit
2023-08-26 13:31:19,commit
2023-08-26 13:18:13,commit
2023-08-26 12:57:53,commit
2023-08-26 12:25:17,commit
2023-08-26 11:56:02,commit
2023-08-26 11:30:57,commit
2023-08-26 11:11:13,commit
2023-08-26 10:55:56,commit
2023-08-26 10:31:16,commit
2023-08-26 10:13:57,commit
2023-08-26 09:55:52,commit
2023-08-26 09:31:17,commit
2023-08-26 09:12:30,commit
2023-08-26 08:56:00,commit
2023-08-26 08:31:23,commit
2023-08-26 08:16:40,commit
2023-08-26 07:55:54,commit
2023-08-26 07:31:12,commit
2023-08-26 07:12:02,commit
2023-08-26 06:56:00,commit
2023-08-26 06:31:08,commit
2023-08-26 06:17:45,commit
2023-08-26 05:55:57,commit
2023-08-26 05:31:18,commit
2023-08-26 05:12:36,commit
2023-08-26 04:55:56,commit
2023-08-26 04:31:14,commit
2023-08-26 04:08:10,commit
2023-08-26 04:04:33,commit
